{
  "head-title": "Sales Report",
  "salesperson": {
    "name": "John Doe",
    "number": "12"
  },
  "orders": [
    {
      "customer": {
        "name": "Acme Corporation",
        "url": "https://en.wikipedia.org/wiki/Acme_Corporation"
      },
      "order-number": "AE-100",
      "amount": "123.45"
    },
    {
      "customer": {
        "name": "Acme Corporation",
        "url": "https://en.wikipedia.org/wiki/Acme_Corporation"
      },
      "order-number": "AE-101",
      "amount": "234.56"
    },
    {
      "customer": {
        "name": "Axe Capital",
        "url": "https://en.wikipedia.org/wiki/Billions_(TV_series)"
      },
      "order-number": "AC-100",
      "amount": "86,753.09"
    },
    {
      "customer": {
        "name": "Axe Capital",
        "url": "https://en.wikipedia.org/wiki/Billions_(TV_series)"
      },
      "order-number": "AC-101",
      "amount": "403,211.00"
    },
    {
      "customer": {
        "name": "Axe Capital",
        "url": "https://en.wikipedia.org/wiki/Billions_(TV_series)"
      },
      "order-number": "AC-102",
      "amount": "112,768.00"
    },  
    {
      "customer": {
        "name": "Axe Capital",
        "url": "https://en.wikipedia.org/wiki/Billions_(TV_series)"
      },
      "order-number": "AC-103",
      "amount": "72,869.00"
    },       
    {
      "customer": {
        "name": "Dunder Mifflin Paper Company, Inc.",
        "url": "https://en.wikipedia.org/wiki/Dunder_Mifflin"
      },
      "order-number": "DM-100",
      "amount": "345.67"
    },
    {
      "customer": {
        "name": "Dunder Mifflin Paper Company, Inc.",
        "url": "https://en.wikipedia.org/wiki/Dunder_Mifflin"
      },
      "order-number": "DM-101",
      "amount": "456.78"
    },
    {
      "customer": {
        "name": "Dunder Mifflin Paper Company, Inc.",
        "url": "https://en.wikipedia.org/wiki/Dunder_Mifflin"
      },
      "order-number": "DM-102",
      "amount": "1,567.89"
    }
  ]
}